Sid,Recipient,Cash ($),Total Assets ($),Total Liabilities ($),Total Revenue ($),Total Expenses ($),Operating Revenue,Non Operating Revenue,Current Assets
9,KAKM,1859058,9157959,9157959,7888528,7711974,7888528,,3176908
6,WJAB,261656,501299,501299,1445184,1377870,1445184,,261656
5,WVAS,,,,,,,,
7,WTSU,,,,,,,,
8,WUAL,,,,,,,,
11,KSKA,1859058,9157959,2058397,7888528,7711974,7888528,,23709078
16,KRFF,,,,,,,,
13,KYUK,1859058,9157959,2058397,7888528,7711974,7888528,,23709078
19,KZPA,,,,,,,,
21,KHNS,,,,,,,,
14,KCUK,,,,,,,,3176908
27,KMXT,,,,,,,,
29,KSKO,,,,,,,,
10,KNBA,256654,8873114,1922736,4089828,3825747,4089828,,3327139
31,KSDP,,,,,,,,
15,KDLG,808695,852149,483823,555606,573311,555606,,843052
37,KCHU,,,,,,,,
39,KVZK,,,,,,,,
18,KUAC-TV,4365047,5623464,1772869,3644180,3796141,3644180,45006,4376134
42,Native Public Media,,,,,,,,
22,KBBI,492977,1087890,106107,561680,682157,561680,,578161
51,KNNB,,,,,,,,
25,KDLL,246678,612516,75651,482469,404246,482469,,273856
54,Arkansas PBS Foundation,,,,,,,,
56,Hot Springs Documentary Film Institute,,,,,,,,
59,KHSU,,,,,,,,
61,Latino Public Broadcasting,,,,,,,,
23,KTOO-FM,1900784,4245159,1543128,4733245,5113967,4733245,,2326008
67,KSJV,,,,,,,,
26,KRBD,1900784,4245159,1543128,4733245,5113967,4733245,,2326008
69,KIDE,,,,,,,,
70,Shoe Ink LLC,,,,,,,,
71,KXRN,,,,,,,,
75,KVMR,,,,,,,,
32,KCAW,1900784,4245159,1543128,4733245,5113967,4733245,,2326008
28,KOTZ,705999,1100072,344706,583103,689950,583103,,725033
33,KUHB,1099332,7251486,1010163,2132850,2361754,2132850,,3035691
38,KSTK,1900784,4245159,1543128,4733245,5113967,4733245,,2326008
90,Center for Asian American Media,,,,,,,,
91,Independent Television Service Inc.,,,,,,,,
41,KNAU,1007478,4222420,4349275,2163851,2527069,2163851,586413,3844600
49,KUAZ,46368376,65118806,5859637,15854666,12665448,1023428,14831238,48767879
100,SmithGeiger LLC,,,,,,,,
44,KAET,7915146,14527617,2979848,22066278,20230608,4488016,17578262,8360324
104,Pacey Economics Inc.,,,,,,,,
107,KCME,,,,,,,,
46,KJZZ,1884427,3608326,352997,11440025,11303460,2772260,8345279,2328931
110,KBUT,,,,,,,,
47,KGHR,977773,1253228,310385,303712,277720,303712,,977773
115,KRFC,,,,,,,,
118,KSUT,,,,,,,,
119,Paragon Media Strategies LLC,,,,,,,,
120,Theodore F. Krichels,,,,,,,,
121,KVNF,,,,,,,,
122,National Federation of Community Broadcasters Inc.,,,,,,,,
48,KUAT,46368376,65118806,5859637,15854666,12665448,1023428,14831238,48767879
124,WSHU,,,,,,,,
55,KUAF,1498432,3603791,1118219,1443319,1532725,1249605,243854,1613133
130,Capital Concerts Inc.,,,,,,,,
131,Civic LLC,,,,,,,,
132,Everfi Inc.,,,,,,,,
133,National Hispanic Foundation for the Arts,,,,,,,,
134,National Public Radio,,,,,,,,
50,KXCI,763256,1852431,468398,1345653,1185512,1345653,,802211
52,KAWC,257131,417773,80874,1347400,1327866,1347400,,280848
62,KCHO,128183,5609639,16534985,16906608,24959837,16906608,,2818154
57,KUAR,1819531,4063135,419945,1717812,1427944,1442961,39390,1845550
60,KCET,7049898,143434805,41948700,45198874,50541283,45198874,,81004947
65,KOCE,7049898,143434805,41948700,45198874,50541283,45198874,,81004947
64,KVPR,2000130,6428717,1207829,2344182,2451311,2344182,,2392700
66,KEET,465213,1545269,349174,1891663,2268896,1891663,,563406
72,KKJZ,107012,234937,107012,1817447,1841365,1817447,,107012
77,KPCC,0,46727000,10114000,36608000,43630000,36608000,,19706000
73,KLCS,1222154,3640694,1973961,6172263,6255667,6174769,2506,1308064
78,KZYX,432938,1523716,711455,806429,798977,806429,,516022
79,KWMR,483776,610138,104594,637785,581661,637785,,496374
82,KRCB-FM,734721,81521482,4646527,5992927,7458692,5992927,,734721
81,KMUD,169541,1189079,685458,565106,594457,565106,,227254
83,KRCB-TV,734721,81521482,4646527,5992927,7458692,5992927,,734721
86,KXPR,1362794,5609639,16534985,16906608,24959837,16906608,,2818154
34,KTNA,,,,281720,274973,281720,,
35,KNSA,,,,227884,158552,227884,,
85,KXJZ,1362794,5609639,16534985,16906608,24959837,16906608,,2818154
89,KSDS,1834041,1834041,1889460,1484030,1453497,1484030,,1834041
88,KPBS,966821,86709081,18482262,38984590,37640023,31927336,932324,14847617
94,KQED-TV,22109000,330572000,25397000,90367000,100970000,90367000,,28654000
95,KCBX,396062,957685,74659,1665048,1699455,1665048,,453542
97,KCRW,6703946,53237241,2343973,28476425,27685798,28476425,,32324152
96,KCSM,3098987,3322714,133086,2828608,2380368,503514,2380368,3168621
101,KRZA,549658,850725,14650,329199,290298,329199,,549658
99,KCLU,0,7454778,163040,2950596,2532600,2950596,,3525647
106,KVOD,1586042,61880719,19837877,37157354,29504547,37157354,,1586042
102,KAJX,65607,1573227,108578,1377167,1583488,1377167,,1121824
105,KDNK,264279,940047,83198,670834,647523,670834,,695862
111,KBDI,2322644,12192666,1177210,8236665,6654901,8236665,,3855601
113,KUVO,2322644,12192666,1177210,8236665,6654901,8236665,,3855601
117,KUNC,1085086,9578101,2114747,5529459,6423809,5529459,,1415941
116,KAFM,32269,420808,180666,414189,535880,414189,,73864
125,Connecticut Public Broadcasting Inc. FM,424344,77272793,11350127,21720554,25890205,21720554,,6487906
126,Connecticut Public Broadcasting Inc. TV,424344,77272793,11350127,21720554,25890205,21720554,,6487906
127,WMNR,785337,1584187,639627,859124,790139,851887,7237,796537
129,WDDE,271621,490138,69716,1217500,1123190,1217500,,390132
135,WAMU,14738118,45516944,17031638,38768479,36208234,38467651,300828,16849170
139,WGCU,7667162,15137014,2733374,11176219,9998159,11176219,,7937925
136,WHUT,0,9775691,3230971,6070661,5303396,6070661,,2322275
138,WEFS,372466,2940310,566958,1202700,2213600,1224390,-21698,372500
140,WQCS,3415071,5395122,258442,1645690,1888808,1488667,157023,3482555
141,WUFT FM,1580460,8140814,426786,3234884,3683495,3234884,,2907125
152,WKGC,341508,593286,506681,733616,713713,501470,232146,386140
144,WFIT,,,,,,,,
148,University of Central Florida Research Foundation Inc.,,,,,,,,
222,Kentucky Network,11175893,42281597,93165738,37285335,31214954,8403509,28881826,10515780
147,WLRN TV,3078370,11842624,1219354,4726529,5385813,1140165,,1957754
155,The Poynter Institute for Media Studies Inc,,,,,,,,
146,WLRN FM,3078370,11842624,1219354,4726529,5385813,1140165,,1957754
162,WCLK,,,,,,,,
165,KGTF,,,,,,,,
166,KPRG,,,,,,,,
149,WMFE,753667,11785649,996671,5192033,5359538,5192033,,1571206
169,Pacific Islanders In Communications,,,,,,,,
151,WUCF TV,4953358,14704279,4060938,8448426,7947747,8309762,138664,5246615
174,KIYE,,,,,,,,
178,WEIU,,,,,,,,
156,WFSU,46891,3724993,416060,3214801,3710430,3214801,,1310381
181,WNIJ,,,,,,,,
153,WSRE,2915288,12338737,2903757,4534981,4881948,4287312,247669,3093076
189,WVIK,,,,,,,,
157,WEDU,755077,43374029,1866174,18066478,14470095,18066478,,1303392
160,Georgia Public Broadcasting,2842556,32018622,36984698,41446025,46832815,41446025,,2478950
201,WLPR,,,,,,,,
202,WYIN,,,,,,,,
161,WABE,3417650,16972340,4233636,19200759,22550823,19200759,,3219593
164,WUGA,2842556,32018622,36984698,41446025,46832815,41446025,,2478950
163,WJSP,2842556,32018622,36984698,41446025,46832815,41446025,,2478950
170,KKCR,137843,468978,216432,263369,399953,263369,,154883
217,KRPS,,,,,,,,
168,KHPR,4450649,21659225,2784719,8362456,1583390,8362456,,4933372
171,Idaho Public Television,697051,8600905,8113662,10489080,11218004,10489080,,1430843
228,WMMT,,,,,,,,
173,KBSW,1008700,3773839,651519,5334498,5384777,1595779,3738719,2655261
176,WSIU FM,206483,5004845,1796873,6298073,6052692,5292500,1005573,2306516
175,KISU,594632,822552,295579,531276,520813,531276,,605377
177,WSIU TV,206483,5004845,1796873,6298073,6052692,5292500,1005573,2306516
247,Mexican Table LLC,,,,,,,,
248,Maryland Network,,,,,,,,
182,WDCB,2959096,3746084,201336,1755043,1736835,200103,1554940,3136610
250,Public Media Business Association,,,,,,,,
252,PRX Inc.,,,,,,,,
186,WCBU,278989,929822,898590,1020640,1055705,1020640,,305290
259,WOMR,,,,,,,,
183,WIUM,330308,3692314,219799,1355167,1449618,504716,847297,330308
184,WQPT,1941526,3729837,1672077,1909145,1915332,1909145,,1996155
188,WGVV,85201,,,,,,,85201
272,WUVS,,,,,,,,
187,WTVP,160093,7276190,1368323,4625958,5226241,4625958,,587291
193,WFIU FM,2925853,7735511,1412971,10582739,10576319,2301249,8281490,3539089
192,WFHB,385134,569200,18054,593197,496847,593197,,385134
194,WTIU,2925853,7735511,1412971,10582739,10576319,2301249,8281490,3539089
196,WNIN FM,192535,6423873,865067,2549602,3145137,2549602,,588158
195,WVPE,1060446,1174458,652222,1665342,1869555,1665342,,1137407
204,WIPB,1669488,2264607,115309,3715395,3469949,3715395,,1711306
198,WBOI,192569,1941854,934974,1247238,1340246,1247238,,356988
199,WFWA,1144453,4804956,167155,3094955,3303040,3094955,,1831956
205,WNIT,30177,6307645,2562361,4106342,4428636,4106342,,612420
208,KCCK,0,1105148,857859,1379159,1233559,535142,844017,1063699
207,WVUT,1708674,2825776,255704,2012654,1787635,1539320,389300,1739456
211,Iowa PBS,2600716,66069998,9159335,28410167,21638083,28410167,,22064478
209,KIWR,38498,603115,603504,1015293,974191,1015293,,100968
210,WOI,5959354,15863712,2914988,12825187,9317860,12825187,,7260435
213,KOOD,2338802,4492641,78325,2071333,2073283,2071333,,3161722
216,KANU,1504017,7906524,42746,4194517,4188678,2167177,651428,6885490
214,KANZ,1039732,3970790,362344,1292503,1360953,1292503,,2252932
219,KMUW,241626,1084199,249139,3020888,3721982,2209112,815681,241626
220,KPTS,795462,7823470,1447222,3928462,4087904,3928462,,2785410
223,WUKY,1001324,2018059,118601,2450026,1893633,318755,2131271,614138
227,WEKU,1723000,1871000,1141000,1864000,1754000,229000,1635000,1835000
224,WFPK,910214,7110664,773758,6487112,8425001,6487112,,2770822
225,WMKY,418366,552397,57159,195963,622614,195963,,418366
231,WRKF,1038147,1661039,350423,1617081,1837634,1617081,,1264067
230,WBRH,518842,518842,840,562254,446870,562254,,518842
233,KRVS,286097,703238,1378157,1028930,1123159,351428,677502,286097
234,WLAE,261577,2555647,2944431,2150161,2351465,2150161,,1326779
235,KEDM,533114,543083,51294,602866,573383,602866,,246077
238,WYES,2280940,21450616,1373953,5861267,5794885,5861267,,2280940
237,WWOZ,4105835,5484911,269490,6179341,5306110,6179341,,5233722
239,KDAQ,627,938447,201236,893847,1054691,893847,,627
242,WMEH,2819226,52245478,2699702,22262080,17901829,22262080,,6430286
241,Maine Network,2819226,52245478,2699702,22262080,17901829,22262080,,6430286
245,WEAA,541441,541441,541441,2133991,2133991,800736,1333255,541441
244,WBJC,541441,5319815,1161126,2417049,2211625,2190049,227000,3868690
254,WERS,0,1165836,1119843,2099621,1923728,2099621,,162160
246,WYPR,468017,16425853,4785809,9941918,9635710,22262080,,4371043
251,WSCL,0,199897,403823,879950,1002276,560614,319336,23512
257,WGBH TV,40833968,950686399,383024923,294242815,288309080,286394746,7848069,165295761
255,WFCR,185583,15207154,6226244,10265986,12445332,10265986,,3701871
258,WUMB,0,2671207,456847,2078369,1979764,2078369,,2525221
260,WMVY,749394,5952705,1018621,2379098,2158757,2379098,,1248892
263,WDET,0,3060000,1690000,5630000,6010000,2840000,2790000,840000
266,WGVU,4576076,9823887,3425327,8144925,8491308,7584706,560219,5483548
264,WRCJ,6322722,33263620,8383364,19745535,20583644,19745535,,27027200
271,WCMU TV,6891337,24818698,1898033,7518928,8036833,7294878,224050,165295761
268,WMUK,636525,1900711,303091,1943316,1877626,812029,1131287,906150
270,WCMU FM,6891337,24818698,1898033,7518928,8036833,7294878,224050,7193404
273,WBLV,0,459333,251610,1103090,1383914,1103090,,12024
274,WDCQ,2378000,10024000,2168000,2990097,2411224,2851282,138815,3707000
275,WTVS,6322722,33263620,8383364,19745535,20583644,19745535,,27027200
277,KSMQ,346563,3909406,610024,4112920,2925066,4112920,,1206100
278,KAWE,413907,6344000,300764,3113297,2737872,3113297,,774092
382,WMHT FM,1587228,26181900,1719942,10305762,8741329,9571422,734340,15957333
280,KOJB,409267,860536,52051,243314,429817,243314,,464581
285,Greater Public,,,,,,,,
287,KFAI,,,,,,,,
284,KWCM,753313,11267859,784180,4054420,4062391,4054420,,753313
289,KBFT,,,,,,,,
283,KAXE,556180,2649821,254996,2006156,1827125,2006156,,681512
291,KBPR,0,229118000,50441000,120594000,117134000,120594000,,23199000
298,WURC,,,,,,,,
300,WJSU,,,,,,,,
302,WPRL,,,,,,,,
303,KRCU,,,,,,,,
286,KBEM,0,560073,453272,1475342,1625973,1475342,,226070
306,KJLU,,,,,,,,
290,KTCA,15658302,91396406,7315474,62830973,50782505,62830973,,21809549
292,KCCM,0,229118000,50441000,120594000,117134000,120594000,,23199000
294,KSJN,0,229118000,50441000,120594000,117134000,120594000,,23199000
319,KGLT,,,,,,,,
321,KGVA,,,,,,,,
295,KSJR,0,229118000,50441000,120594000,117134000,120594000,,23199000
327,Vision Maker Media,,,,,,,,
296,WSCD,0,229118000,50441000,120594000,117134000,120594000,,23199000
301,WMPN,9579444,16402437,16562276,13483142,15753378,13483142,,9579444
336,WFMU,,,,,,,,
337,WBJB,,,,,,,,
338,Montclair State University Foundation,,,,,,,,
339,WBGO,,,,,,,,
341,WWFM,,,,,,,,
342,KABR,,,,,,,,
348,KSJE,,,,,,,,
305,KOPN,157010,856320,140976,553872,461184,553872,,257730
352,KTDB,,,,,,,,
353,KENW FM,,,,,,,,
354,KENW TV,,,,,,,,
355,KSFR,,,,,,,,
356,KSHI,,,,,,,,
359,StoryCorps,,,,,,,,
309,KKFI,359283,1142192,384388,950705,985722,950705,,401975
364,WRFA,,,,,,,,
307,KCPT,6195048,39141316,39141316,13258998,12995374,13258998,,11410444
366,Black Public Media,,,,,,,,
367,Education Development Center Inc.,,,,,,,,
368,Rebel Productions Inc.,,,,,,,,
369,Sesame Workshop,,,,,,,,
370,Thirteen Productions LLC,,,,,,,,
313,KSMU,11798901,19916638,5331497,5564084,5858642,1180346,4383738,11914468
310,KTBG,6195048,39141316,20785237,13258998,12995374,13258998,,11410444
314,KDHX,2317,2289899,2110314,959741,1287394,959741,,15399
315,KETC,7892989,30058272,3173094,12910833,13877103,12910833,,8487968
320,KUSM,5185005,8013179,5063350,7222755,6781905,651595,6571160,5489543
396,WNCW,,,,,,,,
316,KWMU,1021271,15888008,5226899,9679055,9665793,8509693,1169362,4200785
317,KMOS,2551301,5637127,2263014,2901999,3080660,31005,2870994,2583755
322,KUFM,2856318,3613021,2262925,3845973,3995994,1603823,2242150,3259922
324,KUON,991491,19007845,1898041,15542933,15874168,3916642,11626291,10311518
323,KUCV,991491,19007845,1898041,15542933,15874168,3916642,11626291,10311518
328,KIOS,516904,753785,1869183,1601674,1802008,1601674,,516904
330,KLVX,2521796,72900332,8386402,13931365,13241735,13102407,767794,17432798
329,KVNO,0,1535750,125013,1472459,1334081,192922,1279537,1527380
333,KUNR,1345766,2166831,559982,2301835,2514236,2297388,4447,1771935
331,KNPR,1418689,7624828,1732164,5077325,6026781,5077325,,2013278
340,New Jersey Network,3536109,22085227,4620543,14847757,15655619,14847757,,3536109
344,KHFM,418912,2422931,273491,779821,820749,779821,,418912
343,KANW,1521473,2865414,315448,804837,919292,741858,62979,1521473
346,KUNM,885079,1872532,4307053,2125097,2283352,2125097,,938396
345,KNME,8590433,17694171,12496019,10530025,9014275,9223593,1306432,12159200
347,KCIE,0,826653,775621,577822,540946,577822,,767827
351,KRWG TV,1308920,2863258,2863258,1020656,545708,349705,670951,2160072
350,KRWG FM,1308920,2863258,2863258,1020656,545708,349705,670951,2160072
357,WAMC,2045368,13634437,3469042,7469826,8415405,7469826,,2963093
361,WNED TV,730764,26539140,601147,1904289,1341173,1904289,,21568139
363,WEOS,0,122902,109247,604351,608991,604351,,11561
362,WSLU,1566299,3713179,101032,2992358,3194500,2907429,84929,1738444
371,WLIW,16721000,401302000,43279000,146333000,149213000,128494000,17839000,201749000
311,KXCV,,,,,,,,
372,WNET,16721000,401302000,43279000,146333000,149213000,128494000,17839000,201749000
373,WNYC,11401403,135157535,60770063,78120678,89655052,72646479,5474199,23471169
376,WCFE,892432,3891507,995895,2562811,2513938,2561685,1126,983155
378,WXXI TV,757126,29160673,9365329,15579155,16906715,15579155,,2793982
377,WXXI FM,757126,29160673,9365329,15579155,16906715,15579155,,2793982
380,WCNY FM,1082519,17090844,3655365,7091427,7713684,7091427,,1399893
381,WCNY TV,1082519,17090844,3655365,7091427,7713684,7091427,,1399893
385,WSKG TV,467780,6632040,1349404,5324521,5866537,5324521,,15957333
384,WSKG FM,467780,6632040,1349404,5324521,5866537,5324521,,1964631
388,WUNC,22001241,34897501,2214358,15606659,14375648,15606659,,29736518
391,WDAV,513408,6179753,50086,3333149,2672746,3333149,,3584019
389,WFAE,338242,7061863,1799943,7384341,8851894,7384341,,1069738
392,WNCU,1068993,1641243,514573,1409680,1302058,1293320,864924,1068993
393,WRVS,724347,734803,1378621,503991,377054,459926,44065,726430
394,WTEB,74754,902223,85285,983300,1089250,970251,13049,427111
395,PBS North Carolina,15288811,87112183,6313454,37733162,39976710,37733162,,16900675
406,WOUB TV,21888309,25793180,3846407,8477348,8169273,5666983,2810365,22100056
397,WHQR,214354,2675278,453980,1896574,1889345,1896574,,1518037
400,KCND,6050632,32047787,1880027,15627725,12291247,15627725,,8636638
404,WAPS,141025,416547,931295,1270218,1343873,1270218,,302013
405,WOUB FM,21888309,25793180,3846407,8477348,8169273,5666983,2810365,22100056
408,WCET,2967188,28131427,1913913,11022826,14817133,11022826,,4555890
411,WCPN,1001525,47124540,7144195,28761952,26750712,27061072,929865,6967028
409,WGUC,2051371,51059834,587339,14711179,7080906,14711179,,8550764
358,WFUV,0,15010358,6847065,7650869,8157902,7469826,,
410,WVIZ,1001525,47124540,7144195,28761952,26750712,27061072,929865,6967028
418,WMKV,0,496446,52229,640112,644361,640112,,496446
412,WCBE,272696,938261,2258528,1795859,1747997,1795859,,277947
414,WOSU TV,7177425,67225989,21915871,14032299,14334861,11498452,2533847,7976342
416,WPTD,245681,7592831,1320603,5837345,6294310,5837345,,957504
399,KEYA,,,,,,,,
403,KABU,,,,,,,,
577,WHYY TV,3658936,85507069,10997042,51039693,42547643,51039693,,8110348
433,KMUN,316263,611112,30051,619719,653170,4735478,,388235
421,WCSU,,,,,,,,
427,KGOU,38753,1109363,474988,1950903,2063877,1455239,499198,790243
428,Oklahoma Network,,,,,,,,
423,WYSU,1803030,2157527,762000,1268501,1404713,378196,890305,1817531
426,KCCU,0,23000,89000,675000,741000,229000,446000,19000
429,KOSU,0,2378921,1971926,2561377,2589192,1748287,813090,566185
442,Oregon Network,,,,,,,,
432,KSOR,2066548,11646763,2275720,4735478,3897620,4681900,53578,4998941
450,WLCH,,,,,,,,
451,Mighty Picnic LLC,,,,,,,,
431,KNCA,2066548,11646763,2275720,4735478,3897620,4681900,53578,4998941
455,Public Radio Program Directors Association Inc.,,,,,,,,
456,The Fred Rogers Productions,,,,,,,,
422,WYSO,432187,4500509,621453,3177783,3473736,5840709,,905050
434,KLCC,1031300,2627275,466060,2981708,2887589,2981708,,1187715
464,WMTJ,,,,,,,,
465,WIPR,,,,,,,,
435,KRVM,257837,1398873,380197,1029548,938719,1029548,,881947
467,Providence Pictures Inc,,,,,,,,
470,National Educational Telecommunications Association,,,,,,,,
473,WSSB,,,,,,,,
438,KCUW,528064,598881,590599,193107,206197,193107,,528064
476,KILI,,,,,,,,
477,KOYA,,,,,,,,
478,Public Media Journalists Association,,,,,,,,
443,KWSO,0,320830,18531,607374,629199,607374,,291644
486,WETS,,,,,,,,
439,KBOO,442610,1830623,473747,1048217,1079362,1048217,,1150929
441,KQAC,2022878,14800079,923165,6102037,4979901,5559237,542800,2022878
444,WDIY,97014,794861,215780,916022,945452,916022,,547511
498,KVLU,,,,,,,,
447,WQLN TV,236282,7686716,1417362,4458865,4293339,4210667,248198,5559794
446,WQLN FM,236282,7686716,1417362,4458865,4293339,4210667,248198,5559794
448,WITF FM,1000445,50848684,13872497,11130464,13543746,11130464,,12594409
449,WITF TV,1000445,50848684,13872497,11130464,13543746,11130464,,12594409
458,WQED TV,684884,25327018,2187470,14678167,14000355,14678167,,7664631
454,WXPN,4131057,13749895,4197263,11352212,10905798,11352212,,4842206
460,WVIA FM,425794,34590902,882458,8268717,7949837,7142708,1126009,740850
528,Association of Public Television Stations,,,,,,,,
529,Blue Land Media LLC,,,,,,,,
530,Newshour Productions LLC,,,,,,,,
531,Public Broadcasting Service,,,,,,,,
459,WYEP,1568790,14104306,256392,7515899,8154445,14678167,,1908696
539,WNSB,,,,,,,,
462,WPSU FM,5994702,15014342,1024185,10409768,10693423,10409768,,6268871
463,WPSU TV,5994702,15014342,1024185,10409768,10693423,10409768,,6268871
472,WLTR,5067213,58515692,37061262,30434099,35057372,30434099,,24311320
468,WNPE,1025983,4612594,1994238,3409424,3909485,3409424,,1700307
469,WSBE,506815,108013174,3530788,12950402,10190599,12950402,,1054520
481,WTCI,778244,6012151,1467194,2618336,2613808,2618336,,757876
475,KLND,124016,386633,0,433931,466759,433931,,386633
479,KUSD,705554,5743001,1625299,8955713,9687506,8955713,,2064245
483,WCTE,1442038,3276155,574611,2595979,2477268,2618336,,2261388
482,WUTC,718302,987773,78715,997659,1160671,190191,807468,730860
484,WKNO FM,699631,13084600,66544,5616369,5437647,5616369,,120000
485,WKNO TV,699631,13084600,66544,5616369,5437647,5616369,,2064245
490,WLJT,424377,2703445,831272,1951505,2193899,1951505,,1897113
488,WETP,1492264,10478625,121218,3762277,3485124,3762277,,3554000
489,WUOT,477317,2733571,1025736,2131235,2198894,2131235,,1788853
497,KUT,4721877,7363879,459240,16508227,16176071,16443086,65141,3863892
492,WPLN,2152322,20624912,1382954,6897118,8221937,6897118,,2996032
494,KACV,555581,10027351,1904181,3658137,2746342,3658137,,9209445
496,KMFA,1064828,12192507,588280,2901431,3127491,2901431,,1363379
502,KEDT TV,443305,8014624,2654772,2309594,2845906,2309594,,2216795
499,KAMU,263123,2316056,341369,1662295,1365786,1652400,9895,1867098
501,KEDT FM,443305,8014624,2654772,2309594,2845906,2309594,,2216795
506,KTSU,0,1991384,213812,1466422,1347692,1466422,,8793
503,KERA FM,3813758,54401537,11739559,28130971,29880237,26588208,1542763,21779597
505,KTEP,482947,513218,17080,929670,981758,929670,,513218
508,KUHT,5053769,16206458,5005281,22879754,22653185,22525307,226569,9128474
507,KUHF,5053769,16206458,5005281,22879754,22653185,22525307,226569,9128474
511,KTTZ TV,1605074,3373659,5657980,6386203,6386203,4910077,5524,9128474
512,KRTS,695690,2286011,532406,1226432,1519298,1226432,,842800
513,KXWT,695690,2286011,532406,1226432,1519298,1226432,,842800
521,KRCL,1053664,3144560,1214127,1578301,1585497,1578301,,1396190
515,KLRN,1230599,21332125,1501714,6238430,5817758,6238430,,2959183
516,KPAC,1523339,15332137,3763301,6069960,6589034,6069960,,1854088
518,KWBU,1386120,1851497,527472,1253447,1192539,1253447,,1413499
519,KUSU,898964,1589209,362782,1815093,1521314,216434,1598659,1002032
523,KUEN,32930447,69790014,4962772,38427009,42863657,9389,38417620,59832434
524,KUER,1188145,3737557,467576,6502740,6478290,7809,6494931,3565681
526,WVPS,1107512,89126649,7963434,21017711,21228844,19038064,1979647,6118503
525,Vermont PBS,1107512,89126649,7963434,21017711,21228844,19038064,1979647,6118503
532,WETA FM,27438605,219451489,32000993,130425707,124859430,130425707,,87296070
533,WETA TV,27438605,219451489,32000993,130425707,124859430,130425707,,87296070
534,WNRN,307971,5071970,1916814,2981023,2474170,2981023,,1452941
538,WHRV,3149519,31548719,2007487,19696452,17367406,16520538,3175914,4931876
536,WMRA,840046,1668939,1179876,1685101,1614112,1676017,9084,1008703
542,WVTF,3417493,12717669,2759856,5044285,4852076,5044285,,5144576
540,WCVE,11725770,193793363,3022906,31497488,26338638,31497488,,12955049
544,KDNA,2606586,5348665,1448246,2899634,2254002,2899634,,3747678
543,KBCS,977633,1865076,665624,1292677,1117523,1292677,,988020
547,KWSU TV,1116762,4775451,3263632,7255724,8855448,1130100,6125624,2123255
546,KWSU AM,1116762,4775451,3263632,7255724,8855448,1130100,6125624,2123255
550,KING,3818106,15204320,5594279,5473479,538595,5473479,,4266208
551,KNHC,411882,2899207,89782,1554853,1293450,1554853,,2691499
552,KUOW,5058316,33122507,13532099,21718499,24123896,21718499,,10238241
554,KSPS,5774940,11188124,2868202,6500985,5668795,6500985,,7353515
390,WTVI,1820755,4588902,2278862,5688925,4766366,5633076,55849,2162934
561,WOJB,,,,,,,,
562,University of Wisconsin - Extension,,,,,,,,
221,WKYU,1156621,2959243,2229165,1906603,2102992,141533,1765070,1206729
4,WLRH,16311350,42809911,42809911,21393119,19217515,21393119,,23709078
3,WBHM,1121128,1716407,2585916,2850861,2797206,2850861,249280,1514199
413,WOSU FM,7177425,67225989,21915871,14032299,14334861,11498452,2533847,7976342
312,KOZK,11798901,19916638,5331497,5564084,5858642,1180346,4383738,11914468
172,KBSU,1008700,3773839,651519,5334498,5384777,1595779,3738719,2655261
212,KWIT,608059,1805607,146580,963636,833421,301117,662519,1374256
17,KUAC-FM,4365047,5623464,1772869,3644180,3796141,3644180,45006,4376134
12,KBRW,1075635,1246940,420163,859808,759231,859808,,1085028
24,KTOO-TV,1900784,4245159,1543128,4733245,5113967,4733245,,2326008
40,KOHN,,923463,296340,1188991,1188991,394811,752288,383603
265,WKAR,8108692,17343163,4498252,10139433,10735950,9940233,199200,8409688
53,Arkansas Educational Television Network,4716714,19983448,14099106,11001044,14656021,11001044,,5775687
185,WGLT,202696,899923,899923,1889270,1887172,970707,918563,265773
191,WILL,,29996322,3366693,9752619,8432544,1975467,7777152,
98,KAZU,3905331,4888895,871308,3651886,2861605,3266823,385063,4304649
379,WAER,410845,496557,496557,1994546,1877492,1994546,,445878
326,Nebraska Network,991491,19007845,1898041,15542933,15874168,3916642,11626291,10311518
93,KQED-FM,22109000,330572000,25397000,90367000,100970000,90367000,,28654000
203,WBST,847512,946942,112167,1349735,1160013,1347161,2574,888061
206,WVUB,235386,376179,25,506617,564027,449461,57156,240117
215,KHCC,4245733,7641599,72032,2044551,1379726,94424,1950127,7413837
103,KGNU,679670,5217212,3555116,1827092,1344412,1827092,,714071
226,WKMS,365602,2341789,126642,1549302,1491803,317848,1231454,636822
262,WUOM,8286000,17060000,4739000,9844000,9959000,3047000,6797000,8790000
123,KOTO,147685,1974608,76589,849604,652520,780574,69030,1527419
30,KFSK,1900784,4245159,1543128,4733245,5113967,4733245,,2326008
142,WUFT TV,2973158,9797916,41715,3705518,4333560,3234884,,2907125
128,WHDD,,,,,,,,
145,WDNA,72715,2621935,793215,1140165,1073874,1140165,,730870
45,KBAQ,942826,1236841,156960,3126879,2963469,758645,2368234,1049634
276,WEMU,423000,617000,206000,1509000,1559000,150000,1359000,482000
232,KSLU,736755,783057,137951,449846,374940,102024,347822,748201
154,WUWF,877407,1948174,385609,2192449,2167549,2140759,51690,1463158
318,KEMC,1011584,3497847,1190413,2308074,2096616,459238,1848836,1192238
240,WERU,303478,599223,150355,715486,738701,715486,,303478
159,WUSF,4761047,12914989,3298666,11939135,12937937,11888165,50970,5317159
167,Hawaii Public Television,19061811,50913333,873640,11370761,8473542,11370761,,28171002
269,WNMU,3893610,6042873,94726,2302512,1543323,2292696,9816,4265352
236,WWNO,697206,2108653,2137269,3099201,3270122,2466491,632710,1266081
256,WGBH FM,40833968,950686399,383024923,294242815,288309080,286394746,7848069,165295761
335,New Hampshire Network,1504362,10032597,1367824,6744933,6669295,6379510,365423,4011768
293,KLSE,0,229118000,50441000,120594000,117134000,120594000,,23199000
297,KSRQ,133617,357323,301562,488129,471778,21559,466570,230940
360,WNED FM,730764,26539140,601147,1904289,1341173,1904289,,21568139
304,KBIA,386173,3527334,1300221,1974595,1763388,1700869,273726,911644
398,WFDD,4012598,4743147,218638,4183306,3801887,4183306,,4129852
420,WGTE TV,3018899,15866579,653231,5840709,5132783,5840709,,3460002
430,KWGS,1838727,2184642,149966,2548208,1981671,2544554,3654,1412340
436,KWAX,145449,22547091,619375,678914,630427,233618,445296,154561
440,KOPB,29853370,144181795,7013475,59128456,44393528,59128456,,14568448
445,WLVT,23201,132980530,7860576,13035648,15002138,5194637,7841011,81841520
480,South Dakota Public Television,705554,5743001,1625299,8955713,9687506,8955713,,2064245
474,KDKO,47118,66234,66234,289161,242043,289161,,47118
487,WDVX,391966,512733,136575,697889,703529,697889,,435378
556,KNKX,2157507,24595539,7719231,8444984,8249136,5792815,,3062339
563,WERN,7637820,68225759,7509233,32804620,29992716,23266664,9537956,68225759
557,WVPB FM,8172417,23065940,1527744,10789767,10706620,6342269,4447498,11425813
566,WHAD,7637820,68225759,7509233,32804620,29992716,23266664,9537956,7637820
567,Wisconsin Network,7637820,68225759,7509233,32804620,29992716,23266664,9537956,7637820
564,WHA AM,560682,11942522,4864927,16267656,16208749,11516833,4750823,1684254
568,WLSU,4485041,47920000,10167000,32762000,34063000,20104000,12658000,1684254
76,KCSN,250,73818,4419257,1352445,1998996,1352445,,250
569,WORT,560586,987748,195787,858898,883984,858898,,619085
571,WUWM,4349341,5324315,1344412,5276511,5436375,4707428,569083,4776917
572,WYMS,617364,3988619,268357,3334382,4580668,3334382,,1699834
573,WXPR,279767,1350833,73642,982733,1101511,982733,61644,322524
576,KCWC,5824040,6581760,2055772,4980565,4736671,2046254,2934311,5859160
63,KZFR,165931,942908,68700,493956,507907,493956,,848217
87,KVCR,3132493,14363392,5918719,7336681,6509016,3664987,3671694,3132493
80,KIXE,446045,1847329,267862,1982896,2148480,1982896,,477475
68,KVPT,213818,1546364,1288683,3403677,4266467,3403677,,213818
112,KRMA,13347746,78796466,15923938,26409055,22456886,25935353,473702,24492082
109,KSJD,371989,1391246,192953,673535,707893,673535,,408358
150,WUCF FM,1299660,3137313,1597033,1168713,1116289,1167368,1345,1492596
179,WBEZ,10589474,130907408,36143177,89590124,5306533,78021423,11568701,72392880
249,WESM,486620,673849,514209,603144,562286,234962,368182,522590
279,KKWE,145022,412227,75008,444509,404238,444509,,147711
281,WDSE,283595,20007069,575462,6148296,5250177,4191873,1956423,1080416
308,KCUR,891420,10423646,3931794,8476045,9327295,8037757,438288,4222722
349,KGLP,121769,597904,6756,329483,313555,329483,,539238
365,WJFF,306580,1947647,536887,659870,657193,659870,,1807537
374,WNYE,626356,3255563,3255563,18473487,19070576,2609221,15864266,626356
383,WMHT TV,1587228,26181900,1719942,10305762,8741329,9571422,734340,15957333
401,Prairie Public Television,6050632,32047787,1880027,15627725,12291247,15627725,,8636638
407,WBGU,4089501,7616979,2218804,4330494,4172672,2962211,1368283,4179724
417,WNEO,1451618,8711870,584926,6561914,6579418,6561914,,1766262
419,WGTE FM,3018899,15866579,653231,5840709,5132783,5840709,,3460002
452,WHYY FM,3658936,85507069,10997042,51039693,42547643,51039693,,8110348
457,WQED FM,684884,25327018,2187470,14678167,14000355,14678167,,7664631
461,WVIA TV,425794,34590902,882458,8268717,7949837,7142708,1126009,740850
558,WVPB TV,8172417,23065940,1527744,10789767,10706620,6342269,4447498,11425813
2,Alabama Public Television,10696637,42809911,6022157,21393119,19217515,21393119,,23709078
36,KUCB,1900784,4245159,1543128,4733245,5113967,4733245,,2326008
537,WHRO,3149519,31548719,2007487,19696452,17367406,16520538,3175914,4931876
43,KUYI,2823,598144,134057,299336,466791,299336,,249989
541,WBRA,57993,5944091,360737,4279659,4056535,4279659,,4639
58,KASU,0,1106725,243243,997568,984907,367172,630396,738916
575,KUWR,4069387,6875148,1013703,4392904,4032611,2665035,1727869,4589378
425,KUCO,936388,2931469,33250,991814,1139358,991814,,1474998
545,KSVR,79780,908151,30478,299010,353975,162272,136738,258986
74,KUSC,561279,61694151,5846985,21371391,17590695,21371391,,561279
437,KSYS,1310104,3001302,411961,2377940,2535014,2377940,,1336811
84,KVIE,4585565,42844703,4798536,17308553,13628292,17308553,,7600486
548,KCTS,13152368,106113292,25413402,41898090,27390728,41898090,,21542066
92,KALW,960572,3002642,1143505,4273821,4523016,4273821,,2204085
108,KRCC,111138,1647217,580036,1989712,1982527,1989712,,1132950
114,KDUR,1394478,1401364,302203,517810,452886,392567,125243,1394478
20,KIYU,476399,668933,668933,349482,338459,349482,,476399
137,WPBT,2399888,91811645,5492665,39131002,22126089,39131002,,5462390
143,WJCT,3509483,14159861,1224121,11734009,11186910,11734009,,4234468
158,WMNF,855749,3608160,498338,2214644,1976913,2214644,,1480693
453,WRTI,1328843,3563993,1141270,5630689,5406258,5630689,,1376242
261,WICN,312795,453234,419644,743224,756938,743224,,351052
180,WTTW,717940,89441904,15765421,41633628,43983805,41633628,4688656,4932467
190,WUIS,1449993,2841047,472895,1735295,1722585,244365,1490930,10496373
197,WNIN TV,192535,6423873,865067,2549602,3145137,2549602,,588158
200,WFYI,5808230,28626476,5871189,16310546,16058798,16310546,,9131241
218,KTWU,1471369,4933983,183679,3850769,3822375,359627,3491142,1680987
229,Louisiana Public Broadcasting Network,1937756,12746192,22864946,10607800,8801611,10607800,,6886655
243,WMEA,2819226,52245478,2699702,22262080,17901829,22262080,,6430286
466,WRTU,1057929,1633784,730904,1188210,1161395,334685,853525,1057929
253,WBUR,0,41727973,8079165,39731637,45883411,39731637,,6056611
267,WIAA,5163069,8341543,1522977,2697443,811438,19745535,,5195415
282,WTIP,565356,1068178,30671,1000059,98118,1000059,,927423
288,KMOJ,809503,1432559,502010,1096048,1141876,1096048,,1023183
299,Mississippi Public Broadcasting,9579444,16402437,16562276,13483142,15753378,13483142,,9579444
325,KZUM,362149,776775,377379,465552,503582,465552,,465552
332,KNPB,847740,10919987,500976,7396204,6983362,7396204,,7422839
334,New Hampshire Public Radio Inc.,1523039,9490711,2314921,9155102,9981039,9155102,,1010950
375,WRVO,477640,999784,184461,2177570,2272722,2177570,,658880
386,WPBS,494997,2921640,3319698,3330356,3319698,3330356,,1228521
387,WCQS,923044,3421973,482193,3215463,3384754,3215463,,1144252
471,South Carolina Network,5067213,58515692,37061262,30434099,35057372,30434099,,24311320
402,KMHA,277546,899350,114786,601021,505533,601021,,343495
415,WDPR,824502,2766002,406638,1691144,1229614,1691144,,2039429
424,KRSU,2733831,3926446,83939,2265549,1862071,1244598,1020951,2929629
491,WNPT,6282281,13033041,222524,7621928,7254572,7621928,,10077328
493,KACU,371633,693936,132897,484739,512194,484739,,371633
495,KLRU,12102561,41956267,12162422,20295567,19610443,20295567,,15009368
549,KEXP,4434408,34562073,12422378,17967544,18610653,16076920,1890624,638221
500,KETR,372611,498574,0,803400,847435,151741,651659,372611
504,KERA TV,3813758,54401537,11739559,28130971,29880237,26588208,1542763,21779597
553,KPBX,432743,5096004,783883,2353853,2235634,2353853,,521257
509,KNCT,293118,1937561,809370,1217425,605645,1217425,,609386
510,KTTZ FM,1605074,3373659,5657980,6386203,6386203,4910077,5524,2028202
514,KPBT,1880176,7759190,1216163,1817552,2126762,1817552,,2158014
517,KTXK,353747,619113,340191,396046,399945,308550,64049,372234
520,KPCW,1274109,4780204,348460,2450744,2388872,2450744,,2594619
555,KBTC,0,2657692,315497,5792815,6385493,5792815,,1333994
522,KUED,6045535,18786365,921354,12245569,11752771,191915,11218488,12675493
559,WVLS,1011709,1168296,635664,160546,139398,160546,,1047955
527,WTJX,6174177,16754108,4309666,6674391,7140472,2150910,4523481,7255278
535,WTJU,464017,605638,0,1261893,1259873,1160111,782,464017
560,WVMR,1011709,1168296,635664,265502,188493,265502,,1047955
565,WHA TV,3924359,35977482,5302700,22072931,20497174,11865809,10207122,7881261
570,WMVS,0,25441768,11396125,16085754,15840607,11383814,4701940,16609474
574,KHOL,275948,603868,72696,718572,614703,718572,,475824
